{
    "test_accuracy": 0.9783549783549783,
    "train_loss_history": [
        0.42530902747689364,
        0.3750327902126773,
        2.2550882454180288,
        0.20365052404567371,
        0.22652398337008592,
        0.20720034942179705,
        0.17093642935241848,
        0.1418575173660891,
        0.1322363632750771,
        0.48634698883713817,
        0.1304044113397279,
        0.06975517585508706
    ],
    "val_loss_history": [
        7.769021798690994e-08,
        9.87003401661027e-10,
        19.654059134140002,
        4.027171929245495,
        0.341956922853434,
        0.03642953363884923,
        0.17849764172698313,
        0.28672689060097334,
        0.018301338674435733,
        1.918949791546096,
        0.14791276017598026,
        0.27068348659806496
    ],
    "train_acc_history": [
        0.9866310160427807,
        0.9879679144385026,
        0.8770053475935828,
        0.9745989304812834,
        0.9852941176470589,
        0.9919786096256684,
        0.9919786096256684,
        0.9906417112299465,
        0.9906417112299465,
        0.9652406417112299,
        0.9933155080213903,
        0.9959893048128342
    ],
    "val_acc_history": [
        1.0,
        1.0,
        0.16091954022988506,
        0.6091954022988506,
        0.9885057471264368,
        0.9770114942528736,
        0.9885057471264368,
        0.9770114942528736,
        0.9885057471264368,
        0.6666666666666666,
        0.9425287356321839,
        0.9425287356321839
    ],
    "confusion_matrix": [
        [
            132,
            0
        ],
        [
            5,
            94
        ]
    ]
}